[
  {
    "id": 1,
    "title": "Atención Estudiantil",
    "start": "2023-11-01T09:00:00",
    "end": "2023-11-01T10:00:00",
    "categoria": "Estudiantes",
    "color": "#1e4fffff",
    "motivo": "Consulta médica",
    "nombre": "Juan Pérez",
    "seccion": "A"
  },
  {
    "id": 2,
    "title": "Atención Escuela",
    "start": "2023-11-02T14:00:00",
    "end": "2023-11-02T15:00:00",
    "categoria": "Escuela",
    "color": "#fb00ffff",
    "motivo": "Reunión con director",
    "nombre": "María Gómez",
    "seccion": "B"
  },
  {
    "id": 3,
    "title": "Consulta General",
    "start": "2023-11-03T11:00:00",
    "end": "2023-11-03T12:00:00",
    "categoria": "Colaboradores",
    "color": "#2da712ff",
    "motivo": null,
    "nombre": "Carlos Fernández",
    "ocupacion": "Enfermero"
  }
]
